PLAYER,MARKET,LINE,GAME,HOME_TEAM,AWAY_TEAM
Amen Thompson,AST,6.5,Houston Rockets @ Milwaukee Bucks,Milwaukee Bucks,Houston Rockets
Amen Thompson,AST,6.5,Houston Rockets @ Milwaukee Bucks,Milwaukee Bucks,Houston Rockets
Giannis Antetokounmpo,AST,6.5,Houston Rockets @ Milwaukee Bucks,Milwaukee Bucks,Houston Rockets
Giannis Antetokounmpo,AST,6.5,Houston Rockets @ Milwaukee Bucks,Milwaukee Bucks,Houston Rockets
Alperen Sengun,AST,6.5,Houston Rockets @ Milwaukee Bucks,Milwaukee Bucks,Houston Rockets
Alperen Sengun,AST,6.5,Houston Rockets @ Milwaukee Bucks,Milwaukee Bucks,Houston Rockets
Ryan Rollins,AST,5.5,Houston Rockets @ Milwaukee Bucks,Milwaukee Bucks,Houston Rockets
Ryan Rollins,AST,5.5,Houston Rockets @ Milwaukee Bucks,Milwaukee Bucks,Houston Rockets
Kevin Durant,AST,3.5,Houston Rockets @ Milwaukee Bucks,Milwaukee Bucks,Houston Rockets
Kevin Durant,AST,3.5,Houston Rockets @ Milwaukee Bucks,Milwaukee Bucks,Houston Rockets
Gary Trent Jr,AST,1.5,Houston Rockets @ Milwaukee Bucks,Milwaukee Bucks,Houston Rockets
Gary Trent Jr,AST,1.5,Houston Rockets @ Milwaukee Bucks,Milwaukee Bucks,Houston Rockets
Kevin Durant,PTS,30.5,Houston Rockets @ Milwaukee Bucks,Milwaukee Bucks,Houston Rockets
Kevin Durant,PTS,30.5,Houston Rockets @ Milwaukee Bucks,Milwaukee Bucks,Houston Rockets
Giannis Antetokounmpo,PTS,25.5,Houston Rockets @ Milwaukee Bucks,Milwaukee Bucks,Houston Rockets
Giannis Antetokounmpo,PTS,25.5,Houston Rockets @ Milwaukee Bucks,Milwaukee Bucks,Houston Rockets
Alperen Sengun,PTS,21.5,Houston Rockets @ Milwaukee Bucks,Milwaukee Bucks,Houston Rockets
Alperen Sengun,PTS,21.5,Houston Rockets @ Milwaukee Bucks,Milwaukee Bucks,Houston Rockets
Amen Thompson,PTS,17.5,Houston Rockets @ Milwaukee Bucks,Milwaukee Bucks,Houston Rockets
Amen Thompson,PTS,17.5,Houston Rockets @ Milwaukee Bucks,Milwaukee Bucks,Houston Rockets
Myles Turner,PTS,16.5,Houston Rockets @ Milwaukee Bucks,Milwaukee Bucks,Houston Rockets
Myles Turner,PTS,16.5,Houston Rockets @ Milwaukee Bucks,Milwaukee Bucks,Houston Rockets
Gary Trent Jr,PTS,13.5,Houston Rockets @ Milwaukee Bucks,Milwaukee Bucks,Houston Rockets
Gary Trent Jr,PTS,13.5,Houston Rockets @ Milwaukee Bucks,Milwaukee Bucks,Houston Rockets
Ryan Rollins,PTS,12.5,Houston Rockets @ Milwaukee Bucks,Milwaukee Bucks,Houston Rockets
Ryan Rollins,PTS,12.5,Houston Rockets @ Milwaukee Bucks,Milwaukee Bucks,Houston Rockets
Jabari Smith Jr,PTS,11.5,Houston Rockets @ Milwaukee Bucks,Milwaukee Bucks,Houston Rockets
Jabari Smith Jr,PTS,11.5,Houston Rockets @ Milwaukee Bucks,Milwaukee Bucks,Houston Rockets
Kyle Kuzma,PTS,11.5,Houston Rockets @ Milwaukee Bucks,Milwaukee Bucks,Houston Rockets
Kyle Kuzma,PTS,11.5,Houston Rockets @ Milwaukee Bucks,Milwaukee Bucks,Houston Rockets
Tari Eason,PTS,10.5,Houston Rockets @ Milwaukee Bucks,Milwaukee Bucks,Houston Rockets
Tari Eason,PTS,10.5,Houston Rockets @ Milwaukee Bucks,Milwaukee Bucks,Houston Rockets
Cole Anthony,PTS,9.5,Houston Rockets @ Milwaukee Bucks,Milwaukee Bucks,Houston Rockets
Cole Anthony,PTS,9.5,Houston Rockets @ Milwaukee Bucks,Milwaukee Bucks,Houston Rockets
Reed Sheppard,PTS,8.5,Houston Rockets @ Milwaukee Bucks,Milwaukee Bucks,Houston Rockets
Reed Sheppard,PTS,8.5,Houston Rockets @ Milwaukee Bucks,Milwaukee Bucks,Houston Rockets
A.J. Green,PTS,7.5,Houston Rockets @ Milwaukee Bucks,Milwaukee Bucks,Houston Rockets
A.J. Green,PTS,7.5,Houston Rockets @ Milwaukee Bucks,Milwaukee Bucks,Houston Rockets
Josh Okogie,PTS,7.5,Houston Rockets @ Milwaukee Bucks,Milwaukee Bucks,Houston Rockets
Josh Okogie,PTS,7.5,Houston Rockets @ Milwaukee Bucks,Milwaukee Bucks,Houston Rockets
Alperen Sengun,REB,9.5,Houston Rockets @ Milwaukee Bucks,Milwaukee Bucks,Houston Rockets
Alperen Sengun,REB,9.5,Houston Rockets @ Milwaukee Bucks,Milwaukee Bucks,Houston Rockets
Giannis Antetokounmpo,REB,9.5,Houston Rockets @ Milwaukee Bucks,Milwaukee Bucks,Houston Rockets
Giannis Antetokounmpo,REB,9.5,Houston Rockets @ Milwaukee Bucks,Milwaukee Bucks,Houston Rockets
Steven Adams,REB,6.5,Houston Rockets @ Milwaukee Bucks,Milwaukee Bucks,Houston Rockets
Steven Adams,REB,6.5,Houston Rockets @ Milwaukee Bucks,Milwaukee Bucks,Houston Rockets
Amen Thompson,REB,5.5,Houston Rockets @ Milwaukee Bucks,Milwaukee Bucks,Houston Rockets
Amen Thompson,REB,5.5,Houston Rockets @ Milwaukee Bucks,Milwaukee Bucks,Houston Rockets
Jabari Smith Jr,REB,5.5,Houston Rockets @ Milwaukee Bucks,Milwaukee Bucks,Houston Rockets
Jabari Smith Jr,REB,5.5,Houston Rockets @ Milwaukee Bucks,Milwaukee Bucks,Houston Rockets
Myles Turner,REB,5.5,Houston Rockets @ Milwaukee Bucks,Milwaukee Bucks,Houston Rockets
Myles Turner,REB,5.5,Houston Rockets @ Milwaukee Bucks,Milwaukee Bucks,Houston Rockets
Tari Eason,REB,4.5,Houston Rockets @ Milwaukee Bucks,Milwaukee Bucks,Houston Rockets
Tari Eason,REB,4.5,Houston Rockets @ Milwaukee Bucks,Milwaukee Bucks,Houston Rockets
Kevin Durant,REB,4.5,Houston Rockets @ Milwaukee Bucks,Milwaukee Bucks,Houston Rockets
Kevin Durant,REB,4.5,Houston Rockets @ Milwaukee Bucks,Milwaukee Bucks,Houston Rockets
Kyle Kuzma,REB,3.5,Houston Rockets @ Milwaukee Bucks,Milwaukee Bucks,Houston Rockets
Kyle Kuzma,REB,3.5,Houston Rockets @ Milwaukee Bucks,Milwaukee Bucks,Houston Rockets
Josh Okogie,REB,3.5,Houston Rockets @ Milwaukee Bucks,Milwaukee Bucks,Houston Rockets
Josh Okogie,REB,3.5,Houston Rockets @ Milwaukee Bucks,Milwaukee Bucks,Houston Rockets
Ryan Rollins,REB,2.5,Houston Rockets @ Milwaukee Bucks,Milwaukee Bucks,Houston Rockets
Ryan Rollins,REB,2.5,Houston Rockets @ Milwaukee Bucks,Milwaukee Bucks,Houston Rockets
Amen Thompson,STL,2.5,Houston Rockets @ Milwaukee Bucks,Milwaukee Bucks,Houston Rockets
Amen Thompson,STL,2.5,Houston Rockets @ Milwaukee Bucks,Milwaukee Bucks,Houston Rockets
Ryan Rollins,STL,1.5,Houston Rockets @ Milwaukee Bucks,Milwaukee Bucks,Houston Rockets
Ryan Rollins,STL,1.5,Houston Rockets @ Milwaukee Bucks,Milwaukee Bucks,Houston Rockets
Alperen Sengun,STL,0.5,Houston Rockets @ Milwaukee Bucks,Milwaukee Bucks,Houston Rockets
Alperen Sengun,STL,0.5,Houston Rockets @ Milwaukee Bucks,Milwaukee Bucks,Houston Rockets
Giannis Antetokounmpo,STL,0.5,Houston Rockets @ Milwaukee Bucks,Milwaukee Bucks,Houston Rockets
Giannis Antetokounmpo,STL,0.5,Houston Rockets @ Milwaukee Bucks,Milwaukee Bucks,Houston Rockets
Kevin Durant,STL,0.5,Houston Rockets @ Milwaukee Bucks,Milwaukee Bucks,Houston Rockets
Kevin Durant,STL,0.5,Houston Rockets @ Milwaukee Bucks,Milwaukee Bucks,Houston Rockets
Gary Trent Jr,3PM,3.5,Houston Rockets @ Milwaukee Bucks,Milwaukee Bucks,Houston Rockets
Gary Trent Jr,3PM,3.5,Houston Rockets @ Milwaukee Bucks,Milwaukee Bucks,Houston Rockets
Kevin Durant,3PM,2.5,Houston Rockets @ Milwaukee Bucks,Milwaukee Bucks,Houston Rockets
Kevin Durant,3PM,2.5,Houston Rockets @ Milwaukee Bucks,Milwaukee Bucks,Houston Rockets
Myles Turner,3PM,2.5,Houston Rockets @ Milwaukee Bucks,Milwaukee Bucks,Houston Rockets
Myles Turner,3PM,2.5,Houston Rockets @ Milwaukee Bucks,Milwaukee Bucks,Houston Rockets
A.J. Green,3PM,2.5,Houston Rockets @ Milwaukee Bucks,Milwaukee Bucks,Houston Rockets
A.J. Green,3PM,2.5,Houston Rockets @ Milwaukee Bucks,Milwaukee Bucks,Houston Rockets
Reed Sheppard,3PM,1.5,Houston Rockets @ Milwaukee Bucks,Milwaukee Bucks,Houston Rockets
Reed Sheppard,3PM,1.5,Houston Rockets @ Milwaukee Bucks,Milwaukee Bucks,Houston Rockets
Tari Eason,3PM,1.5,Houston Rockets @ Milwaukee Bucks,Milwaukee Bucks,Houston Rockets
Tari Eason,3PM,1.5,Houston Rockets @ Milwaukee Bucks,Milwaukee Bucks,Houston Rockets
Ryan Rollins,3PM,1.5,Houston Rockets @ Milwaukee Bucks,Milwaukee Bucks,Houston Rockets
Ryan Rollins,3PM,1.5,Houston Rockets @ Milwaukee Bucks,Milwaukee Bucks,Houston Rockets
Jabari Smith Jr,3PM,1.5,Houston Rockets @ Milwaukee Bucks,Milwaukee Bucks,Houston Rockets
Jabari Smith Jr,3PM,1.5,Houston Rockets @ Milwaukee Bucks,Milwaukee Bucks,Houston Rockets
Josh Okogie,3PM,0.5,Houston Rockets @ Milwaukee Bucks,Milwaukee Bucks,Houston Rockets
Josh Okogie,3PM,0.5,Houston Rockets @ Milwaukee Bucks,Milwaukee Bucks,Houston Rockets
Giannis Antetokounmpo,3PM,0.5,Houston Rockets @ Milwaukee Bucks,Milwaukee Bucks,Houston Rockets
Giannis Antetokounmpo,3PM,0.5,Houston Rockets @ Milwaukee Bucks,Milwaukee Bucks,Houston Rockets
Jalen Brunson,AST,7.5,Brooklyn Nets @ New York Knicks,New York Knicks,Brooklyn Nets
Jalen Brunson,AST,7.5,Brooklyn Nets @ New York Knicks,New York Knicks,Brooklyn Nets
Egor Demin,AST,4.5,Brooklyn Nets @ New York Knicks,New York Knicks,Brooklyn Nets
Egor Demin,AST,4.5,Brooklyn Nets @ New York Knicks,New York Knicks,Brooklyn Nets
Mikal Bridges,AST,3.5,Brooklyn Nets @ New York Knicks,New York Knicks,Brooklyn Nets
Mikal Bridges,AST,3.5,Brooklyn Nets @ New York Knicks,New York Knicks,Brooklyn Nets
Josh Hart,AST,3.5,Brooklyn Nets @ New York Knicks,New York Knicks,Brooklyn Nets
Josh Hart,AST,3.5,Brooklyn Nets @ New York Knicks,New York Knicks,Brooklyn Nets
Terance Mann,AST,2.5,Brooklyn Nets @ New York Knicks,New York Knicks,Brooklyn Nets
Terance Mann,AST,2.5,Brooklyn Nets @ New York Knicks,New York Knicks,Brooklyn Nets
Nicolas Claxton,AST,2.5,Brooklyn Nets @ New York Knicks,New York Knicks,Brooklyn Nets
Nicolas Claxton,AST,2.5,Brooklyn Nets @ New York Knicks,New York Knicks,Brooklyn Nets
Karl-Anthony Towns,AST,2.5,Brooklyn Nets @ New York Knicks,New York Knicks,Brooklyn Nets
Karl-Anthony Towns,AST,2.5,Brooklyn Nets @ New York Knicks,New York Knicks,Brooklyn Nets
Michael Porter Jr,AST,2.5,Brooklyn Nets @ New York Knicks,New York Knicks,Brooklyn Nets
Michael Porter Jr,AST,2.5,Brooklyn Nets @ New York Knicks,New York Knicks,Brooklyn Nets
OG Anunoby,AST,2.5,Brooklyn Nets @ New York Knicks,New York Knicks,Brooklyn Nets
OG Anunoby,AST,2.5,Brooklyn Nets @ New York Knicks,New York Knicks,Brooklyn Nets
Jalen Brunson,PTS,25.5,Brooklyn Nets @ New York Knicks,New York Knicks,Brooklyn Nets
Jalen Brunson,PTS,25.5,Brooklyn Nets @ New York Knicks,New York Knicks,Brooklyn Nets
Karl-Anthony Towns,PTS,21.5,Brooklyn Nets @ New York Knicks,New York Knicks,Brooklyn Nets
Karl-Anthony Towns,PTS,21.5,Brooklyn Nets @ New York Knicks,New York Knicks,Brooklyn Nets
Michael Porter Jr,PTS,20.5,Brooklyn Nets @ New York Knicks,New York Knicks,Brooklyn Nets
Michael Porter Jr,PTS,20.5,Brooklyn Nets @ New York Knicks,New York Knicks,Brooklyn Nets
OG Anunoby,PTS,16.5,Brooklyn Nets @ New York Knicks,New York Knicks,Brooklyn Nets
OG Anunoby,PTS,16.5,Brooklyn Nets @ New York Knicks,New York Knicks,Brooklyn Nets
Mikal Bridges,PTS,14.5,Brooklyn Nets @ New York Knicks,New York Knicks,Brooklyn Nets
Mikal Bridges,PTS,14.5,Brooklyn Nets @ New York Knicks,New York Knicks,Brooklyn Nets
Noah Clowney,PTS,12.5,Brooklyn Nets @ New York Knicks,New York Knicks,Brooklyn Nets
Noah Clowney,PTS,12.5,Brooklyn Nets @ New York Knicks,New York Knicks,Brooklyn Nets
Nicolas Claxton,PTS,12.5,Brooklyn Nets @ New York Knicks,New York Knicks,Brooklyn Nets
Nicolas Claxton,PTS,12.5,Brooklyn Nets @ New York Knicks,New York Knicks,Brooklyn Nets
Terance Mann,PTS,10.5,Brooklyn Nets @ New York Knicks,New York Knicks,Brooklyn Nets
Terance Mann,PTS,10.5,Brooklyn Nets @ New York Knicks,New York Knicks,Brooklyn Nets
Jordan Clarkson,PTS,9.5,Brooklyn Nets @ New York Knicks,New York Knicks,Brooklyn Nets
Jordan Clarkson,PTS,9.5,Brooklyn Nets @ New York Knicks,New York Knicks,Brooklyn Nets
Tyrese Martin,PTS,8.5,Brooklyn Nets @ New York Knicks,New York Knicks,Brooklyn Nets
Tyrese Martin,PTS,8.5,Brooklyn Nets @ New York Knicks,New York Knicks,Brooklyn Nets
Josh Hart,PTS,8.5,Brooklyn Nets @ New York Knicks,New York Knicks,Brooklyn Nets
Josh Hart,PTS,8.5,Brooklyn Nets @ New York Knicks,New York Knicks,Brooklyn Nets
Ziaire Williams,PTS,8.5,Brooklyn Nets @ New York Knicks,New York Knicks,Brooklyn Nets
Ziaire Williams,PTS,8.5,Brooklyn Nets @ New York Knicks,New York Knicks,Brooklyn Nets
Miles McBride,PTS,8.5,Brooklyn Nets @ New York Knicks,New York Knicks,Brooklyn Nets
Miles McBride,PTS,8.5,Brooklyn Nets @ New York Knicks,New York Knicks,Brooklyn Nets
Egor Demin,PTS,7.5,Brooklyn Nets @ New York Knicks,New York Knicks,Brooklyn Nets
Egor Demin,PTS,7.5,Brooklyn Nets @ New York Knicks,New York Knicks,Brooklyn Nets
Day'Ron Sharpe,PTS,7.5,Brooklyn Nets @ New York Knicks,New York Knicks,Brooklyn Nets
Day'Ron Sharpe,PTS,7.5,Brooklyn Nets @ New York Knicks,New York Knicks,Brooklyn Nets
Mitchell Robinson,PTS,4.5,Brooklyn Nets @ New York Knicks,New York Knicks,Brooklyn Nets
Mitchell Robinson,PTS,4.5,Brooklyn Nets @ New York Knicks,New York Knicks,Brooklyn Nets
Karl-Anthony Towns,REB,10.5,Brooklyn Nets @ New York Knicks,New York Knicks,Brooklyn Nets
Karl-Anthony Towns,REB,10.5,Brooklyn Nets @ New York Knicks,New York Knicks,Brooklyn Nets
Mitchell Robinson,REB,7.5,Brooklyn Nets @ New York Knicks,New York Knicks,Brooklyn Nets
Mitchell Robinson,REB,7.5,Brooklyn Nets @ New York Knicks,New York Knicks,Brooklyn Nets
Nicolas Claxton,REB,7.5,Brooklyn Nets @ New York Knicks,New York Knicks,Brooklyn Nets
Nicolas Claxton,REB,7.5,Brooklyn Nets @ New York Knicks,New York Knicks,Brooklyn Nets
Josh Hart,REB,6.5,Brooklyn Nets @ New York Knicks,New York Knicks,Brooklyn Nets
Josh Hart,REB,6.5,Brooklyn Nets @ New York Knicks,New York Knicks,Brooklyn Nets
Michael Porter Jr,REB,6.5,Brooklyn Nets @ New York Knicks,New York Knicks,Brooklyn Nets
Michael Porter Jr,REB,6.5,Brooklyn Nets @ New York Knicks,New York Knicks,Brooklyn Nets
Day'Ron Sharpe,REB,5.5,Brooklyn Nets @ New York Knicks,New York Knicks,Brooklyn Nets
Day'Ron Sharpe,REB,5.5,Brooklyn Nets @ New York Knicks,New York Knicks,Brooklyn Nets
OG Anunoby,REB,5.5,Brooklyn Nets @ New York Knicks,New York Knicks,Brooklyn Nets
OG Anunoby,REB,5.5,Brooklyn Nets @ New York Knicks,New York Knicks,Brooklyn Nets
Noah Clowney,REB,4.5,Brooklyn Nets @ New York Knicks,New York Knicks,Brooklyn Nets
Noah Clowney,REB,4.5,Brooklyn Nets @ New York Knicks,New York Knicks,Brooklyn Nets
Mikal Bridges,REB,3.5,Brooklyn Nets @ New York Knicks,New York Knicks,Brooklyn Nets
Mikal Bridges,REB,3.5,Brooklyn Nets @ New York Knicks,New York Knicks,Brooklyn Nets
Egor Demin,REB,3.5,Brooklyn Nets @ New York Knicks,New York Knicks,Brooklyn Nets
Egor Demin,REB,3.5,Brooklyn Nets @ New York Knicks,New York Knicks,Brooklyn Nets
Terance Mann,REB,3.5,Brooklyn Nets @ New York Knicks,New York Knicks,Brooklyn Nets
Terance Mann,REB,3.5,Brooklyn Nets @ New York Knicks,New York Knicks,Brooklyn Nets
Jalen Brunson,REB,3.5,Brooklyn Nets @ New York Knicks,New York Knicks,Brooklyn Nets
Jalen Brunson,REB,3.5,Brooklyn Nets @ New York Knicks,New York Knicks,Brooklyn Nets
Tyrese Martin,REB,2.5,Brooklyn Nets @ New York Knicks,New York Knicks,Brooklyn Nets
Tyrese Martin,REB,2.5,Brooklyn Nets @ New York Knicks,New York Knicks,Brooklyn Nets
OG Anunoby,STL,1.5,Brooklyn Nets @ New York Knicks,New York Knicks,Brooklyn Nets
OG Anunoby,STL,1.5,Brooklyn Nets @ New York Knicks,New York Knicks,Brooklyn Nets
Mikal Bridges,STL,0.5,Brooklyn Nets @ New York Knicks,New York Knicks,Brooklyn Nets
Mikal Bridges,STL,0.5,Brooklyn Nets @ New York Knicks,New York Knicks,Brooklyn Nets
Josh Hart,STL,0.5,Brooklyn Nets @ New York Knicks,New York Knicks,Brooklyn Nets
Josh Hart,STL,0.5,Brooklyn Nets @ New York Knicks,New York Knicks,Brooklyn Nets
Terance Mann,STL,0.5,Brooklyn Nets @ New York Knicks,New York Knicks,Brooklyn Nets
Terance Mann,STL,0.5,Brooklyn Nets @ New York Knicks,New York Knicks,Brooklyn Nets
Jalen Brunson,STL,0.5,Brooklyn Nets @ New York Knicks,New York Knicks,Brooklyn Nets
Jalen Brunson,STL,0.5,Brooklyn Nets @ New York Knicks,New York Knicks,Brooklyn Nets
Michael Porter Jr,STL,0.5,Brooklyn Nets @ New York Knicks,New York Knicks,Brooklyn Nets
Michael Porter Jr,STL,0.5,Brooklyn Nets @ New York Knicks,New York Knicks,Brooklyn Nets
Nicolas Claxton,STL,0.5,Brooklyn Nets @ New York Knicks,New York Knicks,Brooklyn Nets
Nicolas Claxton,STL,0.5,Brooklyn Nets @ New York Knicks,New York Knicks,Brooklyn Nets
Karl-Anthony Towns,STL,0.5,Brooklyn Nets @ New York Knicks,New York Knicks,Brooklyn Nets
Karl-Anthony Towns,STL,0.5,Brooklyn Nets @ New York Knicks,New York Knicks,Brooklyn Nets
Michael Porter Jr,3PM,3.5,Brooklyn Nets @ New York Knicks,New York Knicks,Brooklyn Nets
Michael Porter Jr,3PM,3.5,Brooklyn Nets @ New York Knicks,New York Knicks,Brooklyn Nets
Jalen Brunson,3PM,2.5,Brooklyn Nets @ New York Knicks,New York Knicks,Brooklyn Nets
Jalen Brunson,3PM,2.5,Brooklyn Nets @ New York Knicks,New York Knicks,Brooklyn Nets
Noah Clowney,3PM,2.5,Brooklyn Nets @ New York Knicks,New York Knicks,Brooklyn Nets
Noah Clowney,3PM,2.5,Brooklyn Nets @ New York Knicks,New York Knicks,Brooklyn Nets
OG Anunoby,3PM,2.5,Brooklyn Nets @ New York Knicks,New York Knicks,Brooklyn Nets
OG Anunoby,3PM,2.5,Brooklyn Nets @ New York Knicks,New York Knicks,Brooklyn Nets
Mikal Bridges,3PM,1.5,Brooklyn Nets @ New York Knicks,New York Knicks,Brooklyn Nets
Mikal Bridges,3PM,1.5,Brooklyn Nets @ New York Knicks,New York Knicks,Brooklyn Nets
Miles McBride,3PM,1.5,Brooklyn Nets @ New York Knicks,New York Knicks,Brooklyn Nets
Miles McBride,3PM,1.5,Brooklyn Nets @ New York Knicks,New York Knicks,Brooklyn Nets
Karl-Anthony Towns,3PM,1.5,Brooklyn Nets @ New York Knicks,New York Knicks,Brooklyn Nets
Karl-Anthony Towns,3PM,1.5,Brooklyn Nets @ New York Knicks,New York Knicks,Brooklyn Nets
Tyrese Martin,3PM,1.5,Brooklyn Nets @ New York Knicks,New York Knicks,Brooklyn Nets
Tyrese Martin,3PM,1.5,Brooklyn Nets @ New York Knicks,New York Knicks,Brooklyn Nets
Ziaire Williams,3PM,1.5,Brooklyn Nets @ New York Knicks,New York Knicks,Brooklyn Nets
Ziaire Williams,3PM,1.5,Brooklyn Nets @ New York Knicks,New York Knicks,Brooklyn Nets
Egor Demin,3PM,1.5,Brooklyn Nets @ New York Knicks,New York Knicks,Brooklyn Nets
Egor Demin,3PM,1.5,Brooklyn Nets @ New York Knicks,New York Knicks,Brooklyn Nets
Jordan Clarkson,3PM,1.5,Brooklyn Nets @ New York Knicks,New York Knicks,Brooklyn Nets
Jordan Clarkson,3PM,1.5,Brooklyn Nets @ New York Knicks,New York Knicks,Brooklyn Nets
Terance Mann,3PM,1.5,Brooklyn Nets @ New York Knicks,New York Knicks,Brooklyn Nets
Terance Mann,3PM,1.5,Brooklyn Nets @ New York Knicks,New York Knicks,Brooklyn Nets
Josh Hart,3PM,1.5,Brooklyn Nets @ New York Knicks,New York Knicks,Brooklyn Nets
Josh Hart,3PM,1.5,Brooklyn Nets @ New York Knicks,New York Knicks,Brooklyn Nets
Derrick White,AST,4.5,Boston Celtics @ Orlando Magic,Orlando Magic,Boston Celtics
Derrick White,AST,4.5,Boston Celtics @ Orlando Magic,Orlando Magic,Boston Celtics
Payton Pritchard,AST,4.5,Boston Celtics @ Orlando Magic,Orlando Magic,Boston Celtics
Payton Pritchard,AST,4.5,Boston Celtics @ Orlando Magic,Orlando Magic,Boston Celtics
Paolo Banchero,AST,4.5,Boston Celtics @ Orlando Magic,Orlando Magic,Boston Celtics
Paolo Banchero,AST,4.5,Boston Celtics @ Orlando Magic,Orlando Magic,Boston Celtics
Desmond Bane,AST,4.5,Boston Celtics @ Orlando Magic,Orlando Magic,Boston Celtics
Desmond Bane,AST,4.5,Boston Celtics @ Orlando Magic,Orlando Magic,Boston Celtics
Franz Wagner,AST,4.5,Boston Celtics @ Orlando Magic,Orlando Magic,Boston Celtics
Franz Wagner,AST,4.5,Boston Celtics @ Orlando Magic,Orlando Magic,Boston Celtics
Jaylen Brown,AST,4.5,Boston Celtics @ Orlando Magic,Orlando Magic,Boston Celtics
Jaylen Brown,AST,4.5,Boston Celtics @ Orlando Magic,Orlando Magic,Boston Celtics
Jalen Suggs,AST,2.5,Boston Celtics @ Orlando Magic,Orlando Magic,Boston Celtics
Jalen Suggs,AST,2.5,Boston Celtics @ Orlando Magic,Orlando Magic,Boston Celtics
Anthony Black,AST,2.5,Boston Celtics @ Orlando Magic,Orlando Magic,Boston Celtics
Anthony Black,AST,2.5,Boston Celtics @ Orlando Magic,Orlando Magic,Boston Celtics
Anfernee Simons,AST,2.5,Boston Celtics @ Orlando Magic,Orlando Magic,Boston Celtics
Anfernee Simons,AST,2.5,Boston Celtics @ Orlando Magic,Orlando Magic,Boston Celtics
Wendell Carter Jr,AST,1.5,Boston Celtics @ Orlando Magic,Orlando Magic,Boston Celtics
Wendell Carter Jr,AST,1.5,Boston Celtics @ Orlando Magic,Orlando Magic,Boston Celtics
Jaylen Brown,PTS,25.5,Boston Celtics @ Orlando Magic,Orlando Magic,Boston Celtics
Jaylen Brown,PTS,25.5,Boston Celtics @ Orlando Magic,Orlando Magic,Boston Celtics
Paolo Banchero,PTS,23.5,Boston Celtics @ Orlando Magic,Orlando Magic,Boston Celtics
Paolo Banchero,PTS,23.5,Boston Celtics @ Orlando Magic,Orlando Magic,Boston Celtics
Franz Wagner,PTS,21.5,Boston Celtics @ Orlando Magic,Orlando Magic,Boston Celtics
Franz Wagner,PTS,21.5,Boston Celtics @ Orlando Magic,Orlando Magic,Boston Celtics
Payton Pritchard,PTS,17.5,Boston Celtics @ Orlando Magic,Orlando Magic,Boston Celtics
Payton Pritchard,PTS,17.5,Boston Celtics @ Orlando Magic,Orlando Magic,Boston Celtics
Desmond Bane,PTS,16.5,Boston Celtics @ Orlando Magic,Orlando Magic,Boston Celtics
Desmond Bane,PTS,16.5,Boston Celtics @ Orlando Magic,Orlando Magic,Boston Celtics
Derrick White,PTS,16.5,Boston Celtics @ Orlando Magic,Orlando Magic,Boston Celtics
Derrick White,PTS,16.5,Boston Celtics @ Orlando Magic,Orlando Magic,Boston Celtics
Anfernee Simons,PTS,13.5,Boston Celtics @ Orlando Magic,Orlando Magic,Boston Celtics
Anfernee Simons,PTS,13.5,Boston Celtics @ Orlando Magic,Orlando Magic,Boston Celtics
Wendell Carter Jr,PTS,10.5,Boston Celtics @ Orlando Magic,Orlando Magic,Boston Celtics
Wendell Carter Jr,PTS,10.5,Boston Celtics @ Orlando Magic,Orlando Magic,Boston Celtics
Anthony Black,PTS,10.5,Boston Celtics @ Orlando Magic,Orlando Magic,Boston Celtics
Anthony Black,PTS,10.5,Boston Celtics @ Orlando Magic,Orlando Magic,Boston Celtics
Jalen Suggs,PTS,9.5,Boston Celtics @ Orlando Magic,Orlando Magic,Boston Celtics
Jalen Suggs,PTS,9.5,Boston Celtics @ Orlando Magic,Orlando Magic,Boston Celtics
Neemias Queta,PTS,8.5,Boston Celtics @ Orlando Magic,Orlando Magic,Boston Celtics
Neemias Queta,PTS,8.5,Boston Celtics @ Orlando Magic,Orlando Magic,Boston Celtics
Josh Minott,PTS,8.5,Boston Celtics @ Orlando Magic,Orlando Magic,Boston Celtics
Josh Minott,PTS,8.5,Boston Celtics @ Orlando Magic,Orlando Magic,Boston Celtics
Tristan da Silva,PTS,8.5,Boston Celtics @ Orlando Magic,Orlando Magic,Boston Celtics
Tristan da Silva,PTS,8.5,Boston Celtics @ Orlando Magic,Orlando Magic,Boston Celtics
Sam Hauser,PTS,7.5,Boston Celtics @ Orlando Magic,Orlando Magic,Boston Celtics
Sam Hauser,PTS,7.5,Boston Celtics @ Orlando Magic,Orlando Magic,Boston Celtics
Paolo Banchero,REB,8.5,Boston Celtics @ Orlando Magic,Orlando Magic,Boston Celtics
Paolo Banchero,REB,8.5,Boston Celtics @ Orlando Magic,Orlando Magic,Boston Celtics
Wendell Carter Jr,REB,8.5,Boston Celtics @ Orlando Magic,Orlando Magic,Boston Celtics
Wendell Carter Jr,REB,8.5,Boston Celtics @ Orlando Magic,Orlando Magic,Boston Celtics
Neemias Queta,REB,7.5,Boston Celtics @ Orlando Magic,Orlando Magic,Boston Celtics
Neemias Queta,REB,7.5,Boston Celtics @ Orlando Magic,Orlando Magic,Boston Celtics
Josh Minott,REB,5.5,Boston Celtics @ Orlando Magic,Orlando Magic,Boston Celtics
Josh Minott,REB,5.5,Boston Celtics @ Orlando Magic,Orlando Magic,Boston Celtics
Franz Wagner,REB,5.5,Boston Celtics @ Orlando Magic,Orlando Magic,Boston Celtics
Franz Wagner,REB,5.5,Boston Celtics @ Orlando Magic,Orlando Magic,Boston Celtics
Jaylen Brown,REB,5.5,Boston Celtics @ Orlando Magic,Orlando Magic,Boston Celtics
Jaylen Brown,REB,5.5,Boston Celtics @ Orlando Magic,Orlando Magic,Boston Celtics
Desmond Bane,REB,4.5,Boston Celtics @ Orlando Magic,Orlando Magic,Boston Celtics
Desmond Bane,REB,4.5,Boston Celtics @ Orlando Magic,Orlando Magic,Boston Celtics
Payton Pritchard,REB,4.5,Boston Celtics @ Orlando Magic,Orlando Magic,Boston Celtics
Payton Pritchard,REB,4.5,Boston Celtics @ Orlando Magic,Orlando Magic,Boston Celtics
Derrick White,REB,4.5,Boston Celtics @ Orlando Magic,Orlando Magic,Boston Celtics
Derrick White,REB,4.5,Boston Celtics @ Orlando Magic,Orlando Magic,Boston Celtics
Anthony Black,REB,3.5,Boston Celtics @ Orlando Magic,Orlando Magic,Boston Celtics
Anthony Black,REB,3.5,Boston Celtics @ Orlando Magic,Orlando Magic,Boston Celtics
Tristan da Silva,REB,2.5,Boston Celtics @ Orlando Magic,Orlando Magic,Boston Celtics
Tristan da Silva,REB,2.5,Boston Celtics @ Orlando Magic,Orlando Magic,Boston Celtics
Sam Hauser,REB,2.5,Boston Celtics @ Orlando Magic,Orlando Magic,Boston Celtics
Sam Hauser,REB,2.5,Boston Celtics @ Orlando Magic,Orlando Magic,Boston Celtics
Jalen Suggs,REB,2.5,Boston Celtics @ Orlando Magic,Orlando Magic,Boston Celtics
Jalen Suggs,REB,2.5,Boston Celtics @ Orlando Magic,Orlando Magic,Boston Celtics
Anfernee Simons,REB,2.5,Boston Celtics @ Orlando Magic,Orlando Magic,Boston Celtics
Anfernee Simons,REB,2.5,Boston Celtics @ Orlando Magic,Orlando Magic,Boston Celtics
Derrick White,STL,1.5,Boston Celtics @ Orlando Magic,Orlando Magic,Boston Celtics
Derrick White,STL,1.5,Boston Celtics @ Orlando Magic,Orlando Magic,Boston Celtics
Jaylen Brown,STL,1.5,Boston Celtics @ Orlando Magic,Orlando Magic,Boston Celtics
Jaylen Brown,STL,1.5,Boston Celtics @ Orlando Magic,Orlando Magic,Boston Celtics
Payton Pritchard,STL,0.5,Boston Celtics @ Orlando Magic,Orlando Magic,Boston Celtics
Payton Pritchard,STL,0.5,Boston Celtics @ Orlando Magic,Orlando Magic,Boston Celtics
Franz Wagner,STL,0.5,Boston Celtics @ Orlando Magic,Orlando Magic,Boston Celtics
Franz Wagner,STL,0.5,Boston Celtics @ Orlando Magic,Orlando Magic,Boston Celtics
Jalen Suggs,STL,0.5,Boston Celtics @ Orlando Magic,Orlando Magic,Boston Celtics
Jalen Suggs,STL,0.5,Boston Celtics @ Orlando Magic,Orlando Magic,Boston Celtics
Desmond Bane,STL,0.5,Boston Celtics @ Orlando Magic,Orlando Magic,Boston Celtics
Desmond Bane,STL,0.5,Boston Celtics @ Orlando Magic,Orlando Magic,Boston Celtics
Paolo Banchero,STL,0.5,Boston Celtics @ Orlando Magic,Orlando Magic,Boston Celtics
Paolo Banchero,STL,0.5,Boston Celtics @ Orlando Magic,Orlando Magic,Boston Celtics
Derrick White,3PM,2.5,Boston Celtics @ Orlando Magic,Orlando Magic,Boston Celtics
Derrick White,3PM,2.5,Boston Celtics @ Orlando Magic,Orlando Magic,Boston Celtics
Payton Pritchard,3PM,2.5,Boston Celtics @ Orlando Magic,Orlando Magic,Boston Celtics
Payton Pritchard,3PM,2.5,Boston Celtics @ Orlando Magic,Orlando Magic,Boston Celtics
Desmond Bane,3PM,2.5,Boston Celtics @ Orlando Magic,Orlando Magic,Boston Celtics
Desmond Bane,3PM,2.5,Boston Celtics @ Orlando Magic,Orlando Magic,Boston Celtics
Sam Hauser,3PM,2.5,Boston Celtics @ Orlando Magic,Orlando Magic,Boston Celtics
Sam Hauser,3PM,2.5,Boston Celtics @ Orlando Magic,Orlando Magic,Boston Celtics
Anfernee Simons,3PM,2.5,Boston Celtics @ Orlando Magic,Orlando Magic,Boston Celtics
Anfernee Simons,3PM,2.5,Boston Celtics @ Orlando Magic,Orlando Magic,Boston Celtics
Jaylen Brown,3PM,1.5,Boston Celtics @ Orlando Magic,Orlando Magic,Boston Celtics
Jaylen Brown,3PM,1.5,Boston Celtics @ Orlando Magic,Orlando Magic,Boston Celtics
Franz Wagner,3PM,1.5,Boston Celtics @ Orlando Magic,Orlando Magic,Boston Celtics
Franz Wagner,3PM,1.5,Boston Celtics @ Orlando Magic,Orlando Magic,Boston Celtics
Jalen Suggs,3PM,1.5,Boston Celtics @ Orlando Magic,Orlando Magic,Boston Celtics
Jalen Suggs,3PM,1.5,Boston Celtics @ Orlando Magic,Orlando Magic,Boston Celtics
Paolo Banchero,3PM,1.5,Boston Celtics @ Orlando Magic,Orlando Magic,Boston Celtics
Paolo Banchero,3PM,1.5,Boston Celtics @ Orlando Magic,Orlando Magic,Boston Celtics
Tristan da Silva,3PM,1.5,Boston Celtics @ Orlando Magic,Orlando Magic,Boston Celtics
Tristan da Silva,3PM,1.5,Boston Celtics @ Orlando Magic,Orlando Magic,Boston Celtics
Anthony Black,3PM,0.5,Boston Celtics @ Orlando Magic,Orlando Magic,Boston Celtics
Anthony Black,3PM,0.5,Boston Celtics @ Orlando Magic,Orlando Magic,Boston Celtics
Josh Minott,3PM,0.5,Boston Celtics @ Orlando Magic,Orlando Magic,Boston Celtics
Josh Minott,3PM,0.5,Boston Celtics @ Orlando Magic,Orlando Magic,Boston Celtics
Wendell Carter Jr,3PM,0.5,Boston Celtics @ Orlando Magic,Orlando Magic,Boston Celtics
Wendell Carter Jr,3PM,0.5,Boston Celtics @ Orlando Magic,Orlando Magic,Boston Celtics
Ja Morant,AST,7.5,Oklahoma City Thunder @ Memphis Grizzlies,Memphis Grizzlies,Oklahoma City Thunder
Ja Morant,AST,7.5,Oklahoma City Thunder @ Memphis Grizzlies,Memphis Grizzlies,Oklahoma City Thunder
Shai Gilgeous-Alexander,AST,6.5,Oklahoma City Thunder @ Memphis Grizzlies,Memphis Grizzlies,Oklahoma City Thunder
Shai Gilgeous-Alexander,AST,6.5,Oklahoma City Thunder @ Memphis Grizzlies,Memphis Grizzlies,Oklahoma City Thunder
Ajay Mitchell,AST,3.5,Oklahoma City Thunder @ Memphis Grizzlies,Memphis Grizzlies,Oklahoma City Thunder
Ajay Mitchell,AST,3.5,Oklahoma City Thunder @ Memphis Grizzlies,Memphis Grizzlies,Oklahoma City Thunder
Isaiah Hartenstein,AST,2.5,Oklahoma City Thunder @ Memphis Grizzlies,Memphis Grizzlies,Oklahoma City Thunder
Isaiah Hartenstein,AST,2.5,Oklahoma City Thunder @ Memphis Grizzlies,Memphis Grizzlies,Oklahoma City Thunder
Cason Wallace,AST,2.5,Oklahoma City Thunder @ Memphis Grizzlies,Memphis Grizzlies,Oklahoma City Thunder
Cason Wallace,AST,2.5,Oklahoma City Thunder @ Memphis Grizzlies,Memphis Grizzlies,Oklahoma City Thunder
Cedric Coward,AST,2.5,Oklahoma City Thunder @ Memphis Grizzlies,Memphis Grizzlies,Oklahoma City Thunder
Cedric Coward,AST,2.5,Oklahoma City Thunder @ Memphis Grizzlies,Memphis Grizzlies,Oklahoma City Thunder
Santi Aldama,AST,2.5,Oklahoma City Thunder @ Memphis Grizzlies,Memphis Grizzlies,Oklahoma City Thunder
Santi Aldama,AST,2.5,Oklahoma City Thunder @ Memphis Grizzlies,Memphis Grizzlies,Oklahoma City Thunder
Kentavious Caldwell-Pope,AST,2.5,Oklahoma City Thunder @ Memphis Grizzlies,Memphis Grizzlies,Oklahoma City Thunder
Kentavious Caldwell-Pope,AST,2.5,Oklahoma City Thunder @ Memphis Grizzlies,Memphis Grizzlies,Oklahoma City Thunder
Chet Holmgren,AST,1.5,Oklahoma City Thunder @ Memphis Grizzlies,Memphis Grizzlies,Oklahoma City Thunder
Chet Holmgren,AST,1.5,Oklahoma City Thunder @ Memphis Grizzlies,Memphis Grizzlies,Oklahoma City Thunder
Jaren Jackson Jr,AST,1.5,Oklahoma City Thunder @ Memphis Grizzlies,Memphis Grizzlies,Oklahoma City Thunder
Jaren Jackson Jr,AST,1.5,Oklahoma City Thunder @ Memphis Grizzlies,Memphis Grizzlies,Oklahoma City Thunder
Shai Gilgeous-Alexander,PTS,32.5,Oklahoma City Thunder @ Memphis Grizzlies,Memphis Grizzlies,Oklahoma City Thunder
Shai Gilgeous-Alexander,PTS,32.5,Oklahoma City Thunder @ Memphis Grizzlies,Memphis Grizzlies,Oklahoma City Thunder
Ja Morant,PTS,20.5,Oklahoma City Thunder @ Memphis Grizzlies,Memphis Grizzlies,Oklahoma City Thunder
Ja Morant,PTS,20.5,Oklahoma City Thunder @ Memphis Grizzlies,Memphis Grizzlies,Oklahoma City Thunder
Jaren Jackson Jr,PTS,16.5,Oklahoma City Thunder @ Memphis Grizzlies,Memphis Grizzlies,Oklahoma City Thunder
Jaren Jackson Jr,PTS,16.5,Oklahoma City Thunder @ Memphis Grizzlies,Memphis Grizzlies,Oklahoma City Thunder
Chet Holmgren,PTS,16.5,Oklahoma City Thunder @ Memphis Grizzlies,Memphis Grizzlies,Oklahoma City Thunder
Chet Holmgren,PTS,16.5,Oklahoma City Thunder @ Memphis Grizzlies,Memphis Grizzlies,Oklahoma City Thunder
Ajay Mitchell,PTS,16.5,Oklahoma City Thunder @ Memphis Grizzlies,Memphis Grizzlies,Oklahoma City Thunder
Ajay Mitchell,PTS,16.5,Oklahoma City Thunder @ Memphis Grizzlies,Memphis Grizzlies,Oklahoma City Thunder
Cedric Coward,PTS,13.5,Oklahoma City Thunder @ Memphis Grizzlies,Memphis Grizzlies,Oklahoma City Thunder
Cedric Coward,PTS,13.5,Oklahoma City Thunder @ Memphis Grizzlies,Memphis Grizzlies,Oklahoma City Thunder
Santi Aldama,PTS,12.5,Oklahoma City Thunder @ Memphis Grizzlies,Memphis Grizzlies,Oklahoma City Thunder
Santi Aldama,PTS,12.5,Oklahoma City Thunder @ Memphis Grizzlies,Memphis Grizzlies,Oklahoma City Thunder
Isaiah Joe,PTS,12.5,Oklahoma City Thunder @ Memphis Grizzlies,Memphis Grizzlies,Oklahoma City Thunder
Isaiah Joe,PTS,12.5,Oklahoma City Thunder @ Memphis Grizzlies,Memphis Grizzlies,Oklahoma City Thunder
Isaiah Hartenstein,PTS,11.5,Oklahoma City Thunder @ Memphis Grizzlies,Memphis Grizzlies,Oklahoma City Thunder
Isaiah Hartenstein,PTS,11.5,Oklahoma City Thunder @ Memphis Grizzlies,Memphis Grizzlies,Oklahoma City Thunder
Jock Landale,PTS,9.5,Oklahoma City Thunder @ Memphis Grizzlies,Memphis Grizzlies,Oklahoma City Thunder
Jock Landale,PTS,9.5,Oklahoma City Thunder @ Memphis Grizzlies,Memphis Grizzlies,Oklahoma City Thunder
Cason Wallace,PTS,9.5,Oklahoma City Thunder @ Memphis Grizzlies,Memphis Grizzlies,Oklahoma City Thunder
Cason Wallace,PTS,9.5,Oklahoma City Thunder @ Memphis Grizzlies,Memphis Grizzlies,Oklahoma City Thunder
Jaylen Wells,PTS,8.5,Oklahoma City Thunder @ Memphis Grizzlies,Memphis Grizzlies,Oklahoma City Thunder
Jaylen Wells,PTS,8.5,Oklahoma City Thunder @ Memphis Grizzlies,Memphis Grizzlies,Oklahoma City Thunder
Kentavious Caldwell-Pope,PTS,8.5,Oklahoma City Thunder @ Memphis Grizzlies,Memphis Grizzlies,Oklahoma City Thunder
Kentavious Caldwell-Pope,PTS,8.5,Oklahoma City Thunder @ Memphis Grizzlies,Memphis Grizzlies,Oklahoma City Thunder
Isaiah Hartenstein,REB,10.5,Oklahoma City Thunder @ Memphis Grizzlies,Memphis Grizzlies,Oklahoma City Thunder
Isaiah Hartenstein,REB,10.5,Oklahoma City Thunder @ Memphis Grizzlies,Memphis Grizzlies,Oklahoma City Thunder
Chet Holmgren,REB,7.5,Oklahoma City Thunder @ Memphis Grizzlies,Memphis Grizzlies,Oklahoma City Thunder
Chet Holmgren,REB,7.5,Oklahoma City Thunder @ Memphis Grizzlies,Memphis Grizzlies,Oklahoma City Thunder
Jock Landale,REB,6.5,Oklahoma City Thunder @ Memphis Grizzlies,Memphis Grizzlies,Oklahoma City Thunder
Jock Landale,REB,6.5,Oklahoma City Thunder @ Memphis Grizzlies,Memphis Grizzlies,Oklahoma City Thunder
Santi Aldama,REB,5.5,Oklahoma City Thunder @ Memphis Grizzlies,Memphis Grizzlies,Oklahoma City Thunder
Santi Aldama,REB,5.5,Oklahoma City Thunder @ Memphis Grizzlies,Memphis Grizzlies,Oklahoma City Thunder
Cedric Coward,REB,5.5,Oklahoma City Thunder @ Memphis Grizzlies,Memphis Grizzlies,Oklahoma City Thunder
Cedric Coward,REB,5.5,Oklahoma City Thunder @ Memphis Grizzlies,Memphis Grizzlies,Oklahoma City Thunder
Jaren Jackson Jr,REB,5.5,Oklahoma City Thunder @ Memphis Grizzlies,Memphis Grizzlies,Oklahoma City Thunder
Jaren Jackson Jr,REB,5.5,Oklahoma City Thunder @ Memphis Grizzlies,Memphis Grizzlies,Oklahoma City Thunder
Shai Gilgeous-Alexander,REB,4.5,Oklahoma City Thunder @ Memphis Grizzlies,Memphis Grizzlies,Oklahoma City Thunder
Shai Gilgeous-Alexander,REB,4.5,Oklahoma City Thunder @ Memphis Grizzlies,Memphis Grizzlies,Oklahoma City Thunder
Ja Morant,REB,4.5,Oklahoma City Thunder @ Memphis Grizzlies,Memphis Grizzlies,Oklahoma City Thunder
Ja Morant,REB,4.5,Oklahoma City Thunder @ Memphis Grizzlies,Memphis Grizzlies,Oklahoma City Thunder
Jaylen Wells,REB,3.5,Oklahoma City Thunder @ Memphis Grizzlies,Memphis Grizzlies,Oklahoma City Thunder
Jaylen Wells,REB,3.5,Oklahoma City Thunder @ Memphis Grizzlies,Memphis Grizzlies,Oklahoma City Thunder
Ajay Mitchell,REB,3.5,Oklahoma City Thunder @ Memphis Grizzlies,Memphis Grizzlies,Oklahoma City Thunder
Ajay Mitchell,REB,3.5,Oklahoma City Thunder @ Memphis Grizzlies,Memphis Grizzlies,Oklahoma City Thunder
Isaiah Joe,REB,3.5,Oklahoma City Thunder @ Memphis Grizzlies,Memphis Grizzlies,Oklahoma City Thunder
Isaiah Joe,REB,3.5,Oklahoma City Thunder @ Memphis Grizzlies,Memphis Grizzlies,Oklahoma City Thunder
Cason Wallace,REB,3.5,Oklahoma City Thunder @ Memphis Grizzlies,Memphis Grizzlies,Oklahoma City Thunder
Cason Wallace,REB,3.5,Oklahoma City Thunder @ Memphis Grizzlies,Memphis Grizzlies,Oklahoma City Thunder
Kentavious Caldwell-Pope,REB,2.5,Oklahoma City Thunder @ Memphis Grizzlies,Memphis Grizzlies,Oklahoma City Thunder
Kentavious Caldwell-Pope,REB,2.5,Oklahoma City Thunder @ Memphis Grizzlies,Memphis Grizzlies,Oklahoma City Thunder
Shai Gilgeous-Alexander,STL,1.5,Oklahoma City Thunder @ Memphis Grizzlies,Memphis Grizzlies,Oklahoma City Thunder
Shai Gilgeous-Alexander,STL,1.5,Oklahoma City Thunder @ Memphis Grizzlies,Memphis Grizzlies,Oklahoma City Thunder
Ja Morant,STL,1.5,Oklahoma City Thunder @ Memphis Grizzlies,Memphis Grizzlies,Oklahoma City Thunder
Ja Morant,STL,1.5,Oklahoma City Thunder @ Memphis Grizzlies,Memphis Grizzlies,Oklahoma City Thunder
Chet Holmgren,STL,0.5,Oklahoma City Thunder @ Memphis Grizzlies,Memphis Grizzlies,Oklahoma City Thunder
Chet Holmgren,STL,0.5,Oklahoma City Thunder @ Memphis Grizzlies,Memphis Grizzlies,Oklahoma City Thunder
Jaren Jackson Jr,STL,0.5,Oklahoma City Thunder @ Memphis Grizzlies,Memphis Grizzlies,Oklahoma City Thunder
Jaren Jackson Jr,STL,0.5,Oklahoma City Thunder @ Memphis Grizzlies,Memphis Grizzlies,Oklahoma City Thunder
Isaiah Joe,3PM,2.5,Oklahoma City Thunder @ Memphis Grizzlies,Memphis Grizzlies,Oklahoma City Thunder
Isaiah Joe,3PM,2.5,Oklahoma City Thunder @ Memphis Grizzlies,Memphis Grizzlies,Oklahoma City Thunder
Shai Gilgeous-Alexander,3PM,2.5,Oklahoma City Thunder @ Memphis Grizzlies,Memphis Grizzlies,Oklahoma City Thunder
Shai Gilgeous-Alexander,3PM,2.5,Oklahoma City Thunder @ Memphis Grizzlies,Memphis Grizzlies,Oklahoma City Thunder
Jaren Jackson Jr,3PM,1.5,Oklahoma City Thunder @ Memphis Grizzlies,Memphis Grizzlies,Oklahoma City Thunder
Jaren Jackson Jr,3PM,1.5,Oklahoma City Thunder @ Memphis Grizzlies,Memphis Grizzlies,Oklahoma City Thunder
Santi Aldama,3PM,1.5,Oklahoma City Thunder @ Memphis Grizzlies,Memphis Grizzlies,Oklahoma City Thunder
Santi Aldama,3PM,1.5,Oklahoma City Thunder @ Memphis Grizzlies,Memphis Grizzlies,Oklahoma City Thunder
Chet Holmgren,3PM,1.5,Oklahoma City Thunder @ Memphis Grizzlies,Memphis Grizzlies,Oklahoma City Thunder
Chet Holmgren,3PM,1.5,Oklahoma City Thunder @ Memphis Grizzlies,Memphis Grizzlies,Oklahoma City Thunder
Jaylen Wells,3PM,1.5,Oklahoma City Thunder @ Memphis Grizzlies,Memphis Grizzlies,Oklahoma City Thunder
Jaylen Wells,3PM,1.5,Oklahoma City Thunder @ Memphis Grizzlies,Memphis Grizzlies,Oklahoma City Thunder
Cason Wallace,3PM,1.5,Oklahoma City Thunder @ Memphis Grizzlies,Memphis Grizzlies,Oklahoma City Thunder
Cason Wallace,3PM,1.5,Oklahoma City Thunder @ Memphis Grizzlies,Memphis Grizzlies,Oklahoma City Thunder
Ja Morant,3PM,1.5,Oklahoma City Thunder @ Memphis Grizzlies,Memphis Grizzlies,Oklahoma City Thunder
Ja Morant,3PM,1.5,Oklahoma City Thunder @ Memphis Grizzlies,Memphis Grizzlies,Oklahoma City Thunder
Cedric Coward,3PM,1.5,Oklahoma City Thunder @ Memphis Grizzlies,Memphis Grizzlies,Oklahoma City Thunder
Cedric Coward,3PM,1.5,Oklahoma City Thunder @ Memphis Grizzlies,Memphis Grizzlies,Oklahoma City Thunder
Kentavious Caldwell-Pope,3PM,1.5,Oklahoma City Thunder @ Memphis Grizzlies,Memphis Grizzlies,Oklahoma City Thunder
Kentavious Caldwell-Pope,3PM,1.5,Oklahoma City Thunder @ Memphis Grizzlies,Memphis Grizzlies,Oklahoma City Thunder
Ajay Mitchell,3PM,1.5,Oklahoma City Thunder @ Memphis Grizzlies,Memphis Grizzlies,Oklahoma City Thunder
Ajay Mitchell,3PM,1.5,Oklahoma City Thunder @ Memphis Grizzlies,Memphis Grizzlies,Oklahoma City Thunder
Cade Cunningham,AST,9.5,Detroit Pistons @ Philadelphia 76ers,Philadelphia 76ers,Detroit Pistons
Cade Cunningham,AST,9.5,Detroit Pistons @ Philadelphia 76ers,Philadelphia 76ers,Detroit Pistons
Tyrese Maxey,AST,6.5,Detroit Pistons @ Philadelphia 76ers,Philadelphia 76ers,Detroit Pistons
Tyrese Maxey,AST,6.5,Detroit Pistons @ Philadelphia 76ers,Philadelphia 76ers,Detroit Pistons
Trendon Watford,AST,4.5,Detroit Pistons @ Philadelphia 76ers,Philadelphia 76ers,Detroit Pistons
Trendon Watford,AST,4.5,Detroit Pistons @ Philadelphia 76ers,Philadelphia 76ers,Detroit Pistons
VJ Edgecombe,AST,3.5,Detroit Pistons @ Philadelphia 76ers,Philadelphia 76ers,Detroit Pistons
VJ Edgecombe,AST,3.5,Detroit Pistons @ Philadelphia 76ers,Philadelphia 76ers,Detroit Pistons
Quentin Grimes,AST,3.5,Detroit Pistons @ Philadelphia 76ers,Philadelphia 76ers,Detroit Pistons
Quentin Grimes,AST,3.5,Detroit Pistons @ Philadelphia 76ers,Philadelphia 76ers,Detroit Pistons
Ausar Thompson,AST,3.5,Detroit Pistons @ Philadelphia 76ers,Philadelphia 76ers,Detroit Pistons
Ausar Thompson,AST,3.5,Detroit Pistons @ Philadelphia 76ers,Philadelphia 76ers,Detroit Pistons
Caris LeVert,AST,2.5,Detroit Pistons @ Philadelphia 76ers,Philadelphia 76ers,Detroit Pistons
Caris LeVert,AST,2.5,Detroit Pistons @ Philadelphia 76ers,Philadelphia 76ers,Detroit Pistons
Jalen Duren,AST,2.5,Detroit Pistons @ Philadelphia 76ers,Philadelphia 76ers,Detroit Pistons
Jalen Duren,AST,2.5,Detroit Pistons @ Philadelphia 76ers,Philadelphia 76ers,Detroit Pistons
Ron Holland,AST,2.5,Detroit Pistons @ Philadelphia 76ers,Philadelphia 76ers,Detroit Pistons
Ron Holland,AST,2.5,Detroit Pistons @ Philadelphia 76ers,Philadelphia 76ers,Detroit Pistons
Duncan Robinson,AST,1.5,Detroit Pistons @ Philadelphia 76ers,Philadelphia 76ers,Detroit Pistons
Duncan Robinson,AST,1.5,Detroit Pistons @ Philadelphia 76ers,Philadelphia 76ers,Detroit Pistons
Tyrese Maxey,PTS,28.5,Detroit Pistons @ Philadelphia 76ers,Philadelphia 76ers,Detroit Pistons
Tyrese Maxey,PTS,28.5,Detroit Pistons @ Philadelphia 76ers,Philadelphia 76ers,Detroit Pistons
Cade Cunningham,PTS,26.5,Detroit Pistons @ Philadelphia 76ers,Philadelphia 76ers,Detroit Pistons
Cade Cunningham,PTS,26.5,Detroit Pistons @ Philadelphia 76ers,Philadelphia 76ers,Detroit Pistons
Jalen Duren,PTS,18.5,Detroit Pistons @ Philadelphia 76ers,Philadelphia 76ers,Detroit Pistons
Jalen Duren,PTS,18.5,Detroit Pistons @ Philadelphia 76ers,Philadelphia 76ers,Detroit Pistons
Kelly Oubre Jr,PTS,15.5,Detroit Pistons @ Philadelphia 76ers,Philadelphia 76ers,Detroit Pistons
Kelly Oubre Jr,PTS,15.5,Detroit Pistons @ Philadelphia 76ers,Philadelphia 76ers,Detroit Pistons
VJ Edgecombe,PTS,15.5,Detroit Pistons @ Philadelphia 76ers,Philadelphia 76ers,Detroit Pistons
VJ Edgecombe,PTS,15.5,Detroit Pistons @ Philadelphia 76ers,Philadelphia 76ers,Detroit Pistons
Ausar Thompson,PTS,15.5,Detroit Pistons @ Philadelphia 76ers,Philadelphia 76ers,Detroit Pistons
Ausar Thompson,PTS,15.5,Detroit Pistons @ Philadelphia 76ers,Philadelphia 76ers,Detroit Pistons
Quentin Grimes,PTS,15.5,Detroit Pistons @ Philadelphia 76ers,Philadelphia 76ers,Detroit Pistons
Quentin Grimes,PTS,15.5,Detroit Pistons @ Philadelphia 76ers,Philadelphia 76ers,Detroit Pistons
Ron Holland,PTS,12.5,Detroit Pistons @ Philadelphia 76ers,Philadelphia 76ers,Detroit Pistons
Ron Holland,PTS,12.5,Detroit Pistons @ Philadelphia 76ers,Philadelphia 76ers,Detroit Pistons
Trendon Watford,PTS,11.5,Detroit Pistons @ Philadelphia 76ers,Philadelphia 76ers,Detroit Pistons
Trendon Watford,PTS,11.5,Detroit Pistons @ Philadelphia 76ers,Philadelphia 76ers,Detroit Pistons
Duncan Robinson,PTS,11.5,Detroit Pistons @ Philadelphia 76ers,Philadelphia 76ers,Detroit Pistons
Duncan Robinson,PTS,11.5,Detroit Pistons @ Philadelphia 76ers,Philadelphia 76ers,Detroit Pistons
Caris LeVert,PTS,10.5,Detroit Pistons @ Philadelphia 76ers,Philadelphia 76ers,Detroit Pistons
Caris LeVert,PTS,10.5,Detroit Pistons @ Philadelphia 76ers,Philadelphia 76ers,Detroit Pistons
Jared McCain,PTS,7.5,Detroit Pistons @ Philadelphia 76ers,Philadelphia 76ers,Detroit Pistons
Jared McCain,PTS,7.5,Detroit Pistons @ Philadelphia 76ers,Philadelphia 76ers,Detroit Pistons
Javonte Green,PTS,7.5,Detroit Pistons @ Philadelphia 76ers,Philadelphia 76ers,Detroit Pistons
Javonte Green,PTS,7.5,Detroit Pistons @ Philadelphia 76ers,Philadelphia 76ers,Detroit Pistons
Andre Drummond,PTS,6.5,Detroit Pistons @ Philadelphia 76ers,Philadelphia 76ers,Detroit Pistons
Andre Drummond,PTS,6.5,Detroit Pistons @ Philadelphia 76ers,Philadelphia 76ers,Detroit Pistons
Paul Reed Jr,PTS,5.5,Detroit Pistons @ Philadelphia 76ers,Philadelphia 76ers,Detroit Pistons
Paul Reed Jr,PTS,5.5,Detroit Pistons @ Philadelphia 76ers,Philadelphia 76ers,Detroit Pistons
Adem Bona,PTS,4.5,Detroit Pistons @ Philadelphia 76ers,Philadelphia 76ers,Detroit Pistons
Adem Bona,PTS,4.5,Detroit Pistons @ Philadelphia 76ers,Philadelphia 76ers,Detroit Pistons
Jalen Duren,REB,11.5,Detroit Pistons @ Philadelphia 76ers,Philadelphia 76ers,Detroit Pistons
Jalen Duren,REB,11.5,Detroit Pistons @ Philadelphia 76ers,Philadelphia 76ers,Detroit Pistons
Andre Drummond,REB,9.5,Detroit Pistons @ Philadelphia 76ers,Philadelphia 76ers,Detroit Pistons
Andre Drummond,REB,9.5,Detroit Pistons @ Philadelphia 76ers,Philadelphia 76ers,Detroit Pistons
Ausar Thompson,REB,6.5,Detroit Pistons @ Philadelphia 76ers,Philadelphia 76ers,Detroit Pistons
Ausar Thompson,REB,6.5,Detroit Pistons @ Philadelphia 76ers,Philadelphia 76ers,Detroit Pistons
Trendon Watford,REB,5.5,Detroit Pistons @ Philadelphia 76ers,Philadelphia 76ers,Detroit Pistons
Trendon Watford,REB,5.5,Detroit Pistons @ Philadelphia 76ers,Philadelphia 76ers,Detroit Pistons
Cade Cunningham,REB,5.5,Detroit Pistons @ Philadelphia 76ers,Philadelphia 76ers,Detroit Pistons
Cade Cunningham,REB,5.5,Detroit Pistons @ Philadelphia 76ers,Philadelphia 76ers,Detroit Pistons
Kelly Oubre Jr,REB,5.5,Detroit Pistons @ Philadelphia 76ers,Philadelphia 76ers,Detroit Pistons
Kelly Oubre Jr,REB,5.5,Detroit Pistons @ Philadelphia 76ers,Philadelphia 76ers,Detroit Pistons
Adem Bona,REB,4.5,Detroit Pistons @ Philadelphia 76ers,Philadelphia 76ers,Detroit Pistons
Adem Bona,REB,4.5,Detroit Pistons @ Philadelphia 76ers,Philadelphia 76ers,Detroit Pistons
VJ Edgecombe,REB,4.5,Detroit Pistons @ Philadelphia 76ers,Philadelphia 76ers,Detroit Pistons
VJ Edgecombe,REB,4.5,Detroit Pistons @ Philadelphia 76ers,Philadelphia 76ers,Detroit Pistons
Ron Holland,REB,4.5,Detroit Pistons @ Philadelphia 76ers,Philadelphia 76ers,Detroit Pistons
Ron Holland,REB,4.5,Detroit Pistons @ Philadelphia 76ers,Philadelphia 76ers,Detroit Pistons
Paul Reed Jr,REB,4.5,Detroit Pistons @ Philadelphia 76ers,Philadelphia 76ers,Detroit Pistons
Paul Reed Jr,REB,4.5,Detroit Pistons @ Philadelphia 76ers,Philadelphia 76ers,Detroit Pistons
Tyrese Maxey,REB,3.5,Detroit Pistons @ Philadelphia 76ers,Philadelphia 76ers,Detroit Pistons
Tyrese Maxey,REB,3.5,Detroit Pistons @ Philadelphia 76ers,Philadelphia 76ers,Detroit Pistons
Quentin Grimes,REB,3.5,Detroit Pistons @ Philadelphia 76ers,Philadelphia 76ers,Detroit Pistons
Quentin Grimes,REB,3.5,Detroit Pistons @ Philadelphia 76ers,Philadelphia 76ers,Detroit Pistons
Javonte Green,REB,3.5,Detroit Pistons @ Philadelphia 76ers,Philadelphia 76ers,Detroit Pistons
Javonte Green,REB,3.5,Detroit Pistons @ Philadelphia 76ers,Philadelphia 76ers,Detroit Pistons
Duncan Robinson,REB,2.5,Detroit Pistons @ Philadelphia 76ers,Philadelphia 76ers,Detroit Pistons
Duncan Robinson,REB,2.5,Detroit Pistons @ Philadelphia 76ers,Philadelphia 76ers,Detroit Pistons
Caris LeVert,REB,2.5,Detroit Pistons @ Philadelphia 76ers,Philadelphia 76ers,Detroit Pistons
Caris LeVert,REB,2.5,Detroit Pistons @ Philadelphia 76ers,Philadelphia 76ers,Detroit Pistons
Ausar Thompson,STL,1.5,Detroit Pistons @ Philadelphia 76ers,Philadelphia 76ers,Detroit Pistons
Ausar Thompson,STL,1.5,Detroit Pistons @ Philadelphia 76ers,Philadelphia 76ers,Detroit Pistons
VJ Edgecombe,STL,1.5,Detroit Pistons @ Philadelphia 76ers,Philadelphia 76ers,Detroit Pistons
VJ Edgecombe,STL,1.5,Detroit Pistons @ Philadelphia 76ers,Philadelphia 76ers,Detroit Pistons
Kelly Oubre Jr,STL,1.5,Detroit Pistons @ Philadelphia 76ers,Philadelphia 76ers,Detroit Pistons
Kelly Oubre Jr,STL,1.5,Detroit Pistons @ Philadelphia 76ers,Philadelphia 76ers,Detroit Pistons
Cade Cunningham,STL,1.5,Detroit Pistons @ Philadelphia 76ers,Philadelphia 76ers,Detroit Pistons
Cade Cunningham,STL,1.5,Detroit Pistons @ Philadelphia 76ers,Philadelphia 76ers,Detroit Pistons
Tyrese Maxey,STL,0.5,Detroit Pistons @ Philadelphia 76ers,Philadelphia 76ers,Detroit Pistons
Tyrese Maxey,STL,0.5,Detroit Pistons @ Philadelphia 76ers,Philadelphia 76ers,Detroit Pistons
Tyrese Maxey,3PM,3.5,Detroit Pistons @ Philadelphia 76ers,Philadelphia 76ers,Detroit Pistons
Tyrese Maxey,3PM,3.5,Detroit Pistons @ Philadelphia 76ers,Philadelphia 76ers,Detroit Pistons
Duncan Robinson,3PM,2.5,Detroit Pistons @ Philadelphia 76ers,Philadelphia 76ers,Detroit Pistons
Duncan Robinson,3PM,2.5,Detroit Pistons @ Philadelphia 76ers,Philadelphia 76ers,Detroit Pistons
Quentin Grimes,3PM,2.5,Detroit Pistons @ Philadelphia 76ers,Philadelphia 76ers,Detroit Pistons
Quentin Grimes,3PM,2.5,Detroit Pistons @ Philadelphia 76ers,Philadelphia 76ers,Detroit Pistons
Cade Cunningham,3PM,2.5,Detroit Pistons @ Philadelphia 76ers,Philadelphia 76ers,Detroit Pistons
Cade Cunningham,3PM,2.5,Detroit Pistons @ Philadelphia 76ers,Philadelphia 76ers,Detroit Pistons
VJ Edgecombe,3PM,1.5,Detroit Pistons @ Philadelphia 76ers,Philadelphia 76ers,Detroit Pistons
VJ Edgecombe,3PM,1.5,Detroit Pistons @ Philadelphia 76ers,Philadelphia 76ers,Detroit Pistons
Kelly Oubre Jr,3PM,1.5,Detroit Pistons @ Philadelphia 76ers,Philadelphia 76ers,Detroit Pistons
Kelly Oubre Jr,3PM,1.5,Detroit Pistons @ Philadelphia 76ers,Philadelphia 76ers,Detroit Pistons
Jared McCain,3PM,1.5,Detroit Pistons @ Philadelphia 76ers,Philadelphia 76ers,Detroit Pistons
Jared McCain,3PM,1.5,Detroit Pistons @ Philadelphia 76ers,Philadelphia 76ers,Detroit Pistons
Ron Holland,3PM,1.5,Detroit Pistons @ Philadelphia 76ers,Philadelphia 76ers,Detroit Pistons
Ron Holland,3PM,1.5,Detroit Pistons @ Philadelphia 76ers,Philadelphia 76ers,Detroit Pistons
Caris LeVert,3PM,1.5,Detroit Pistons @ Philadelphia 76ers,Philadelphia 76ers,Detroit Pistons
Caris LeVert,3PM,1.5,Detroit Pistons @ Philadelphia 76ers,Philadelphia 76ers,Detroit Pistons
Javonte Green,3PM,0.5,Detroit Pistons @ Philadelphia 76ers,Philadelphia 76ers,Detroit Pistons
Javonte Green,3PM,0.5,Detroit Pistons @ Philadelphia 76ers,Philadelphia 76ers,Detroit Pistons
Trendon Watford,3PM,0.5,Detroit Pistons @ Philadelphia 76ers,Philadelphia 76ers,Detroit Pistons
Trendon Watford,3PM,0.5,Detroit Pistons @ Philadelphia 76ers,Philadelphia 76ers,Detroit Pistons
Andrew Nembhard,AST,5.5,Indiana Pacers @ Golden State Warriors,Golden State Warriors,Indiana Pacers
Andrew Nembhard,AST,5.5,Indiana Pacers @ Golden State Warriors,Golden State Warriors,Indiana Pacers
Draymond Green,AST,5.5,Indiana Pacers @ Golden State Warriors,Golden State Warriors,Indiana Pacers
Draymond Green,AST,5.5,Indiana Pacers @ Golden State Warriors,Golden State Warriors,Indiana Pacers
Pascal Siakam,AST,5.5,Indiana Pacers @ Golden State Warriors,Golden State Warriors,Indiana Pacers
Pascal Siakam,AST,5.5,Indiana Pacers @ Golden State Warriors,Golden State Warriors,Indiana Pacers
Stephen Curry,AST,4.5,Indiana Pacers @ Golden State Warriors,Golden State Warriors,Indiana Pacers
Stephen Curry,AST,4.5,Indiana Pacers @ Golden State Warriors,Golden State Warriors,Indiana Pacers
Jimmy Butler,AST,4.5,Indiana Pacers @ Golden State Warriors,Golden State Warriors,Indiana Pacers
Jimmy Butler,AST,4.5,Indiana Pacers @ Golden State Warriors,Golden State Warriors,Indiana Pacers
Jarace Walker,AST,3.5,Indiana Pacers @ Golden State Warriors,Golden State Warriors,Indiana Pacers
Jarace Walker,AST,3.5,Indiana Pacers @ Golden State Warriors,Golden State Warriors,Indiana Pacers
Brandin Podziemski,AST,3.5,Indiana Pacers @ Golden State Warriors,Golden State Warriors,Indiana Pacers
Brandin Podziemski,AST,3.5,Indiana Pacers @ Golden State Warriors,Golden State Warriors,Indiana Pacers
Jonathan Kuminga,AST,2.5,Indiana Pacers @ Golden State Warriors,Golden State Warriors,Indiana Pacers
Jonathan Kuminga,AST,2.5,Indiana Pacers @ Golden State Warriors,Golden State Warriors,Indiana Pacers
Stephen Curry,PTS,25.5,Indiana Pacers @ Golden State Warriors,Golden State Warriors,Indiana Pacers
Stephen Curry,PTS,25.5,Indiana Pacers @ Golden State Warriors,Golden State Warriors,Indiana Pacers
Pascal Siakam,PTS,24.5,Indiana Pacers @ Golden State Warriors,Golden State Warriors,Indiana Pacers
Pascal Siakam,PTS,24.5,Indiana Pacers @ Golden State Warriors,Golden State Warriors,Indiana Pacers
Jimmy Butler,PTS,19.5,Indiana Pacers @ Golden State Warriors,Golden State Warriors,Indiana Pacers
Jimmy Butler,PTS,19.5,Indiana Pacers @ Golden State Warriors,Golden State Warriors,Indiana Pacers
Jonathan Kuminga,PTS,18.5,Indiana Pacers @ Golden State Warriors,Golden State Warriors,Indiana Pacers
Jonathan Kuminga,PTS,18.5,Indiana Pacers @ Golden State Warriors,Golden State Warriors,Indiana Pacers
Aaron Nesmith,PTS,16.5,Indiana Pacers @ Golden State Warriors,Golden State Warriors,Indiana Pacers
Aaron Nesmith,PTS,16.5,Indiana Pacers @ Golden State Warriors,Golden State Warriors,Indiana Pacers
Andrew Nembhard,PTS,14.5,Indiana Pacers @ Golden State Warriors,Golden State Warriors,Indiana Pacers
Andrew Nembhard,PTS,14.5,Indiana Pacers @ Golden State Warriors,Golden State Warriors,Indiana Pacers
Brandin Podziemski,PTS,13.5,Indiana Pacers @ Golden State Warriors,Golden State Warriors,Indiana Pacers
Brandin Podziemski,PTS,13.5,Indiana Pacers @ Golden State Warriors,Golden State Warriors,Indiana Pacers
Jarace Walker,PTS,13.5,Indiana Pacers @ Golden State Warriors,Golden State Warriors,Indiana Pacers
Jarace Walker,PTS,13.5,Indiana Pacers @ Golden State Warriors,Golden State Warriors,Indiana Pacers
Moses Moody,PTS,9.5,Indiana Pacers @ Golden State Warriors,Golden State Warriors,Indiana Pacers
Moses Moody,PTS,9.5,Indiana Pacers @ Golden State Warriors,Golden State Warriors,Indiana Pacers
Draymond Green,PTS,9.5,Indiana Pacers @ Golden State Warriors,Golden State Warriors,Indiana Pacers
Draymond Green,PTS,9.5,Indiana Pacers @ Golden State Warriors,Golden State Warriors,Indiana Pacers
Buddy Hield,PTS,8.5,Indiana Pacers @ Golden State Warriors,Golden State Warriors,Indiana Pacers
Buddy Hield,PTS,8.5,Indiana Pacers @ Golden State Warriors,Golden State Warriors,Indiana Pacers
Isaiah Jackson,PTS,7.5,Indiana Pacers @ Golden State Warriors,Golden State Warriors,Indiana Pacers
Isaiah Jackson,PTS,7.5,Indiana Pacers @ Golden State Warriors,Golden State Warriors,Indiana Pacers
Ben Sheppard,PTS,6.5,Indiana Pacers @ Golden State Warriors,Golden State Warriors,Indiana Pacers
Ben Sheppard,PTS,6.5,Indiana Pacers @ Golden State Warriors,Golden State Warriors,Indiana Pacers
Pascal Siakam,REB,6.5,Indiana Pacers @ Golden State Warriors,Golden State Warriors,Indiana Pacers
Pascal Siakam,REB,6.5,Indiana Pacers @ Golden State Warriors,Golden State Warriors,Indiana Pacers
Draymond Green,REB,6.5,Indiana Pacers @ Golden State Warriors,Golden State Warriors,Indiana Pacers
Draymond Green,REB,6.5,Indiana Pacers @ Golden State Warriors,Golden State Warriors,Indiana Pacers
Jonathan Kuminga,REB,5.5,Indiana Pacers @ Golden State Warriors,Golden State Warriors,Indiana Pacers
Jonathan Kuminga,REB,5.5,Indiana Pacers @ Golden State Warriors,Golden State Warriors,Indiana Pacers
Isaiah Jackson,REB,5.5,Indiana Pacers @ Golden State Warriors,Golden State Warriors,Indiana Pacers
Isaiah Jackson,REB,5.5,Indiana Pacers @ Golden State Warriors,Golden State Warriors,Indiana Pacers
Jarace Walker,REB,5.5,Indiana Pacers @ Golden State Warriors,Golden State Warriors,Indiana Pacers
Jarace Walker,REB,5.5,Indiana Pacers @ Golden State Warriors,Golden State Warriors,Indiana Pacers
Jimmy Butler,REB,5.5,Indiana Pacers @ Golden State Warriors,Golden State Warriors,Indiana Pacers
Jimmy Butler,REB,5.5,Indiana Pacers @ Golden State Warriors,Golden State Warriors,Indiana Pacers
Brandin Podziemski,REB,4.5,Indiana Pacers @ Golden State Warriors,Golden State Warriors,Indiana Pacers
Brandin Podziemski,REB,4.5,Indiana Pacers @ Golden State Warriors,Golden State Warriors,Indiana Pacers
Aaron Nesmith,REB,4.5,Indiana Pacers @ Golden State Warriors,Golden State Warriors,Indiana Pacers
Aaron Nesmith,REB,4.5,Indiana Pacers @ Golden State Warriors,Golden State Warriors,Indiana Pacers
Stephen Curry,REB,4.5,Indiana Pacers @ Golden State Warriors,Golden State Warriors,Indiana Pacers
Stephen Curry,REB,4.5,Indiana Pacers @ Golden State Warriors,Golden State Warriors,Indiana Pacers
Andrew Nembhard,REB,2.5,Indiana Pacers @ Golden State Warriors,Golden State Warriors,Indiana Pacers
Andrew Nembhard,REB,2.5,Indiana Pacers @ Golden State Warriors,Golden State Warriors,Indiana Pacers
Stephen Curry,STL,1.5,Indiana Pacers @ Golden State Warriors,Golden State Warriors,Indiana Pacers
Stephen Curry,STL,1.5,Indiana Pacers @ Golden State Warriors,Golden State Warriors,Indiana Pacers
Jimmy Butler,STL,1.5,Indiana Pacers @ Golden State Warriors,Golden State Warriors,Indiana Pacers
Jimmy Butler,STL,1.5,Indiana Pacers @ Golden State Warriors,Golden State Warriors,Indiana Pacers
Draymond Green,STL,1.5,Indiana Pacers @ Golden State Warriors,Golden State Warriors,Indiana Pacers
Draymond Green,STL,1.5,Indiana Pacers @ Golden State Warriors,Golden State Warriors,Indiana Pacers
Stephen Curry,3PM,4.5,Indiana Pacers @ Golden State Warriors,Golden State Warriors,Indiana Pacers
Stephen Curry,3PM,4.5,Indiana Pacers @ Golden State Warriors,Golden State Warriors,Indiana Pacers
Aaron Nesmith,3PM,2.5,Indiana Pacers @ Golden State Warriors,Golden State Warriors,Indiana Pacers
Aaron Nesmith,3PM,2.5,Indiana Pacers @ Golden State Warriors,Golden State Warriors,Indiana Pacers
Moses Moody,3PM,1.5,Indiana Pacers @ Golden State Warriors,Golden State Warriors,Indiana Pacers
Moses Moody,3PM,1.5,Indiana Pacers @ Golden State Warriors,Golden State Warriors,Indiana Pacers
Brandin Podziemski,3PM,1.5,Indiana Pacers @ Golden State Warriors,Golden State Warriors,Indiana Pacers
Brandin Podziemski,3PM,1.5,Indiana Pacers @ Golden State Warriors,Golden State Warriors,Indiana Pacers
Jarace Walker,3PM,1.5,Indiana Pacers @ Golden State Warriors,Golden State Warriors,Indiana Pacers
Jarace Walker,3PM,1.5,Indiana Pacers @ Golden State Warriors,Golden State Warriors,Indiana Pacers
Buddy Hield,3PM,1.5,Indiana Pacers @ Golden State Warriors,Golden State Warriors,Indiana Pacers
Buddy Hield,3PM,1.5,Indiana Pacers @ Golden State Warriors,Golden State Warriors,Indiana Pacers
Pascal Siakam,3PM,1.5,Indiana Pacers @ Golden State Warriors,Golden State Warriors,Indiana Pacers
Pascal Siakam,3PM,1.5,Indiana Pacers @ Golden State Warriors,Golden State Warriors,Indiana Pacers
Andrew Nembhard,3PM,1.5,Indiana Pacers @ Golden State Warriors,Golden State Warriors,Indiana Pacers
Andrew Nembhard,3PM,1.5,Indiana Pacers @ Golden State Warriors,Golden State Warriors,Indiana Pacers
Draymond Green,3PM,1.5,Indiana Pacers @ Golden State Warriors,Golden State Warriors,Indiana Pacers
Draymond Green,3PM,1.5,Indiana Pacers @ Golden State Warriors,Golden State Warriors,Indiana Pacers
Ben Sheppard,3PM,0.5,Indiana Pacers @ Golden State Warriors,Golden State Warriors,Indiana Pacers
Ben Sheppard,3PM,0.5,Indiana Pacers @ Golden State Warriors,Golden State Warriors,Indiana Pacers
Jonathan Kuminga,3PM,0.5,Indiana Pacers @ Golden State Warriors,Golden State Warriors,Indiana Pacers
Jonathan Kuminga,3PM,0.5,Indiana Pacers @ Golden State Warriors,Golden State Warriors,Indiana Pacers
Jimmy Butler,3PM,0.5,Indiana Pacers @ Golden State Warriors,Golden State Warriors,Indiana Pacers
Jimmy Butler,3PM,0.5,Indiana Pacers @ Golden State Warriors,Golden State Warriors,Indiana Pacers
Russell Westbrook,AST,6.5,Minnesota Timberwolves @ Sacramento Kings,Sacramento Kings,Minnesota Timberwolves
Russell Westbrook,AST,6.5,Minnesota Timberwolves @ Sacramento Kings,Sacramento Kings,Minnesota Timberwolves
Julius Randle,AST,5.5,Minnesota Timberwolves @ Sacramento Kings,Sacramento Kings,Minnesota Timberwolves
Julius Randle,AST,5.5,Minnesota Timberwolves @ Sacramento Kings,Sacramento Kings,Minnesota Timberwolves
Dennis Schroder,AST,5.5,Minnesota Timberwolves @ Sacramento Kings,Sacramento Kings,Minnesota Timberwolves
Dennis Schroder,AST,5.5,Minnesota Timberwolves @ Sacramento Kings,Sacramento Kings,Minnesota Timberwolves
Anthony Edwards,AST,4.5,Minnesota Timberwolves @ Sacramento Kings,Sacramento Kings,Minnesota Timberwolves
Anthony Edwards,AST,4.5,Minnesota Timberwolves @ Sacramento Kings,Sacramento Kings,Minnesota Timberwolves
Domantas Sabonis,AST,4.5,Minnesota Timberwolves @ Sacramento Kings,Sacramento Kings,Minnesota Timberwolves
Domantas Sabonis,AST,4.5,Minnesota Timberwolves @ Sacramento Kings,Sacramento Kings,Minnesota Timberwolves
Donte DiVincenzo,AST,3.5,Minnesota Timberwolves @ Sacramento Kings,Sacramento Kings,Minnesota Timberwolves
Donte DiVincenzo,AST,3.5,Minnesota Timberwolves @ Sacramento Kings,Sacramento Kings,Minnesota Timberwolves
DeMar DeRozan,AST,3.5,Minnesota Timberwolves @ Sacramento Kings,Sacramento Kings,Minnesota Timberwolves
DeMar DeRozan,AST,3.5,Minnesota Timberwolves @ Sacramento Kings,Sacramento Kings,Minnesota Timberwolves
Zach LaVine,AST,2.5,Minnesota Timberwolves @ Sacramento Kings,Sacramento Kings,Minnesota Timberwolves
Zach LaVine,AST,2.5,Minnesota Timberwolves @ Sacramento Kings,Sacramento Kings,Minnesota Timberwolves
Anthony Edwards,PTS,28.5,Minnesota Timberwolves @ Sacramento Kings,Sacramento Kings,Minnesota Timberwolves
Anthony Edwards,PTS,28.5,Minnesota Timberwolves @ Sacramento Kings,Sacramento Kings,Minnesota Timberwolves
Julius Randle,PTS,22.5,Minnesota Timberwolves @ Sacramento Kings,Sacramento Kings,Minnesota Timberwolves
Julius Randle,PTS,22.5,Minnesota Timberwolves @ Sacramento Kings,Sacramento Kings,Minnesota Timberwolves
Zach LaVine,PTS,21.5,Minnesota Timberwolves @ Sacramento Kings,Sacramento Kings,Minnesota Timberwolves
Zach LaVine,PTS,21.5,Minnesota Timberwolves @ Sacramento Kings,Sacramento Kings,Minnesota Timberwolves
DeMar DeRozan,PTS,20.5,Minnesota Timberwolves @ Sacramento Kings,Sacramento Kings,Minnesota Timberwolves
DeMar DeRozan,PTS,20.5,Minnesota Timberwolves @ Sacramento Kings,Sacramento Kings,Minnesota Timberwolves
Domantas Sabonis,PTS,16.5,Minnesota Timberwolves @ Sacramento Kings,Sacramento Kings,Minnesota Timberwolves
Domantas Sabonis,PTS,16.5,Minnesota Timberwolves @ Sacramento Kings,Sacramento Kings,Minnesota Timberwolves
Jaden McDaniels,PTS,14.5,Minnesota Timberwolves @ Sacramento Kings,Sacramento Kings,Minnesota Timberwolves
Jaden McDaniels,PTS,14.5,Minnesota Timberwolves @ Sacramento Kings,Sacramento Kings,Minnesota Timberwolves
Russell Westbrook,PTS,13.5,Minnesota Timberwolves @ Sacramento Kings,Sacramento Kings,Minnesota Timberwolves
Russell Westbrook,PTS,13.5,Minnesota Timberwolves @ Sacramento Kings,Sacramento Kings,Minnesota Timberwolves
Dennis Schroder,PTS,13.5,Minnesota Timberwolves @ Sacramento Kings,Sacramento Kings,Minnesota Timberwolves
Dennis Schroder,PTS,13.5,Minnesota Timberwolves @ Sacramento Kings,Sacramento Kings,Minnesota Timberwolves
Donte DiVincenzo,PTS,13.5,Minnesota Timberwolves @ Sacramento Kings,Sacramento Kings,Minnesota Timberwolves
Donte DiVincenzo,PTS,13.5,Minnesota Timberwolves @ Sacramento Kings,Sacramento Kings,Minnesota Timberwolves
Malik Monk,PTS,12.5,Minnesota Timberwolves @ Sacramento Kings,Sacramento Kings,Minnesota Timberwolves
Malik Monk,PTS,12.5,Minnesota Timberwolves @ Sacramento Kings,Sacramento Kings,Minnesota Timberwolves
Naz Reid,PTS,11.5,Minnesota Timberwolves @ Sacramento Kings,Sacramento Kings,Minnesota Timberwolves
Naz Reid,PTS,11.5,Minnesota Timberwolves @ Sacramento Kings,Sacramento Kings,Minnesota Timberwolves
Rudy Gobert,PTS,10.5,Minnesota Timberwolves @ Sacramento Kings,Sacramento Kings,Minnesota Timberwolves
Rudy Gobert,PTS,10.5,Minnesota Timberwolves @ Sacramento Kings,Sacramento Kings,Minnesota Timberwolves
Domantas Sabonis,REB,13.5,Minnesota Timberwolves @ Sacramento Kings,Sacramento Kings,Minnesota Timberwolves
Domantas Sabonis,REB,13.5,Minnesota Timberwolves @ Sacramento Kings,Sacramento Kings,Minnesota Timberwolves
Rudy Gobert,REB,10.5,Minnesota Timberwolves @ Sacramento Kings,Sacramento Kings,Minnesota Timberwolves
Rudy Gobert,REB,10.5,Minnesota Timberwolves @ Sacramento Kings,Sacramento Kings,Minnesota Timberwolves
Julius Randle,REB,6.5,Minnesota Timberwolves @ Sacramento Kings,Sacramento Kings,Minnesota Timberwolves
Julius Randle,REB,6.5,Minnesota Timberwolves @ Sacramento Kings,Sacramento Kings,Minnesota Timberwolves
Russell Westbrook,REB,6.5,Minnesota Timberwolves @ Sacramento Kings,Sacramento Kings,Minnesota Timberwolves
Russell Westbrook,REB,6.5,Minnesota Timberwolves @ Sacramento Kings,Sacramento Kings,Minnesota Timberwolves
Anthony Edwards,REB,4.5,Minnesota Timberwolves @ Sacramento Kings,Sacramento Kings,Minnesota Timberwolves
Anthony Edwards,REB,4.5,Minnesota Timberwolves @ Sacramento Kings,Sacramento Kings,Minnesota Timberwolves
Naz Reid,REB,4.5,Minnesota Timberwolves @ Sacramento Kings,Sacramento Kings,Minnesota Timberwolves
Naz Reid,REB,4.5,Minnesota Timberwolves @ Sacramento Kings,Sacramento Kings,Minnesota Timberwolves
Jaden McDaniels,REB,4.5,Minnesota Timberwolves @ Sacramento Kings,Sacramento Kings,Minnesota Timberwolves
Jaden McDaniels,REB,4.5,Minnesota Timberwolves @ Sacramento Kings,Sacramento Kings,Minnesota Timberwolves
DeMar DeRozan,REB,4.5,Minnesota Timberwolves @ Sacramento Kings,Sacramento Kings,Minnesota Timberwolves
DeMar DeRozan,REB,4.5,Minnesota Timberwolves @ Sacramento Kings,Sacramento Kings,Minnesota Timberwolves
Donte DiVincenzo,REB,3.5,Minnesota Timberwolves @ Sacramento Kings,Sacramento Kings,Minnesota Timberwolves
Donte DiVincenzo,REB,3.5,Minnesota Timberwolves @ Sacramento Kings,Sacramento Kings,Minnesota Timberwolves
Zach LaVine,REB,3.5,Minnesota Timberwolves @ Sacramento Kings,Sacramento Kings,Minnesota Timberwolves
Zach LaVine,REB,3.5,Minnesota Timberwolves @ Sacramento Kings,Sacramento Kings,Minnesota Timberwolves
Dennis Schroder,REB,2.5,Minnesota Timberwolves @ Sacramento Kings,Sacramento Kings,Minnesota Timberwolves
Dennis Schroder,REB,2.5,Minnesota Timberwolves @ Sacramento Kings,Sacramento Kings,Minnesota Timberwolves
Malik Monk,REB,2.5,Minnesota Timberwolves @ Sacramento Kings,Sacramento Kings,Minnesota Timberwolves
Malik Monk,REB,2.5,Minnesota Timberwolves @ Sacramento Kings,Sacramento Kings,Minnesota Timberwolves
Dennis Schroder,STL,1.5,Minnesota Timberwolves @ Sacramento Kings,Sacramento Kings,Minnesota Timberwolves
Dennis Schroder,STL,1.5,Minnesota Timberwolves @ Sacramento Kings,Sacramento Kings,Minnesota Timberwolves
Anthony Edwards,STL,1.5,Minnesota Timberwolves @ Sacramento Kings,Sacramento Kings,Minnesota Timberwolves
Anthony Edwards,STL,1.5,Minnesota Timberwolves @ Sacramento Kings,Sacramento Kings,Minnesota Timberwolves
Jaden McDaniels,STL,0.5,Minnesota Timberwolves @ Sacramento Kings,Sacramento Kings,Minnesota Timberwolves
Jaden McDaniels,STL,0.5,Minnesota Timberwolves @ Sacramento Kings,Sacramento Kings,Minnesota Timberwolves
Julius Randle,STL,0.5,Minnesota Timberwolves @ Sacramento Kings,Sacramento Kings,Minnesota Timberwolves
Julius Randle,STL,0.5,Minnesota Timberwolves @ Sacramento Kings,Sacramento Kings,Minnesota Timberwolves
Domantas Sabonis,STL,0.5,Minnesota Timberwolves @ Sacramento Kings,Sacramento Kings,Minnesota Timberwolves
Domantas Sabonis,STL,0.5,Minnesota Timberwolves @ Sacramento Kings,Sacramento Kings,Minnesota Timberwolves
DeMar DeRozan,STL,0.5,Minnesota Timberwolves @ Sacramento Kings,Sacramento Kings,Minnesota Timberwolves
DeMar DeRozan,STL,0.5,Minnesota Timberwolves @ Sacramento Kings,Sacramento Kings,Minnesota Timberwolves
Malik Monk,STL,0.5,Minnesota Timberwolves @ Sacramento Kings,Sacramento Kings,Minnesota Timberwolves
Malik Monk,STL,0.5,Minnesota Timberwolves @ Sacramento Kings,Sacramento Kings,Minnesota Timberwolves
Anthony Edwards,3PM,3.5,Minnesota Timberwolves @ Sacramento Kings,Sacramento Kings,Minnesota Timberwolves
Anthony Edwards,3PM,3.5,Minnesota Timberwolves @ Sacramento Kings,Sacramento Kings,Minnesota Timberwolves
Donte DiVincenzo,3PM,2.5,Minnesota Timberwolves @ Sacramento Kings,Sacramento Kings,Minnesota Timberwolves
Donte DiVincenzo,3PM,2.5,Minnesota Timberwolves @ Sacramento Kings,Sacramento Kings,Minnesota Timberwolves
Zach LaVine,3PM,2.5,Minnesota Timberwolves @ Sacramento Kings,Sacramento Kings,Minnesota Timberwolves
Zach LaVine,3PM,2.5,Minnesota Timberwolves @ Sacramento Kings,Sacramento Kings,Minnesota Timberwolves
Malik Monk,3PM,1.5,Minnesota Timberwolves @ Sacramento Kings,Sacramento Kings,Minnesota Timberwolves
Malik Monk,3PM,1.5,Minnesota Timberwolves @ Sacramento Kings,Sacramento Kings,Minnesota Timberwolves
Julius Randle,3PM,1.5,Minnesota Timberwolves @ Sacramento Kings,Sacramento Kings,Minnesota Timberwolves
Julius Randle,3PM,1.5,Minnesota Timberwolves @ Sacramento Kings,Sacramento Kings,Minnesota Timberwolves
Russell Westbrook,3PM,1.5,Minnesota Timberwolves @ Sacramento Kings,Sacramento Kings,Minnesota Timberwolves
Russell Westbrook,3PM,1.5,Minnesota Timberwolves @ Sacramento Kings,Sacramento Kings,Minnesota Timberwolves
Jaden McDaniels,3PM,1.5,Minnesota Timberwolves @ Sacramento Kings,Sacramento Kings,Minnesota Timberwolves
Jaden McDaniels,3PM,1.5,Minnesota Timberwolves @ Sacramento Kings,Sacramento Kings,Minnesota Timberwolves
Naz Reid,3PM,1.5,Minnesota Timberwolves @ Sacramento Kings,Sacramento Kings,Minnesota Timberwolves
Naz Reid,3PM,1.5,Minnesota Timberwolves @ Sacramento Kings,Sacramento Kings,Minnesota Timberwolves
Dennis Schroder,3PM,1.5,Minnesota Timberwolves @ Sacramento Kings,Sacramento Kings,Minnesota Timberwolves
Dennis Schroder,3PM,1.5,Minnesota Timberwolves @ Sacramento Kings,Sacramento Kings,Minnesota Timberwolves
DeMar DeRozan,3PM,0.5,Minnesota Timberwolves @ Sacramento Kings,Sacramento Kings,Minnesota Timberwolves
DeMar DeRozan,3PM,0.5,Minnesota Timberwolves @ Sacramento Kings,Sacramento Kings,Minnesota Timberwolves
Domantas Sabonis,3PM,0.5,Minnesota Timberwolves @ Sacramento Kings,Sacramento Kings,Minnesota Timberwolves
Domantas Sabonis,3PM,0.5,Minnesota Timberwolves @ Sacramento Kings,Sacramento Kings,Minnesota Timberwolves
